<!DOCTYPE mapper PUBLIC "-//mybatis.org//DTD Mapper 3.0//EN" "http://mybatis.org/dtd/mybatis-3-mapper.dtd">
<mapper namespace="com.baizhi.dao.EmpDAO">


    <!--更新员工信息-->
    <update id="update" parameterType="Emp">
        update t_emp set name=#{name},salary=#{salary},age=#{age},bir=#{bir}
        where id = #{id}
    </update>

    <!--根据id查询员工-->
    <select id="find" parameterType="String" resultType="Emp">
        select id,name,salary,age,bir from t_emp
        where id = #{id}
    </select>

    <!--删除员工信息-->
    <delete id="delete" parameterType="String">
        delete from t_emp where id=#{id}
    </delete>

    <!--保存员工信息-->
    <insert id="save" parameterType="Emp">
        insert into t_emp values(#{id},#{name},#{salary},#{age},#{bir})
    </insert>

    <!--查询所有-->
    <select id="findAll" resultType="Emp">
        select id,name,salary,age,bir from t_emp
    </select>





</mapper>